titles,category
공직선거회연속패배지역우선공천인천계양을마포을등해당,politics
한동훈후임법무장관후보자에박성재전서울고검장지명,politics
이재명절규하는국민앞정치쇼온갖문제다녹아있어,politics
탈당만세번이언주전의원돌고돌아민주당재입당할듯,politics
한동훈김경율사퇴가출구전략그런얘기들은바없어,politics
민주당현역불출마두자릿수무주공산놓고혼전예고이런정치,politics
한동훈에도폴더인사야당은김건희심기경호극치,politics
김경율명품백해결됐을까윤한충돌이틀만에봉합수순,politics
대통령한동훈화재현장둘러봐갈등봉합수순,politics
민주화해쇼급했다지만상인들을어떻게배경삼나,politics
대구시가쏘아올린대형마트규제개혁정부가호응,Economic
비트코인만달러하회그레이스케일환매압력계속,Economic
LGD분기영업익억원분기만에흑자전환,Economic
aT설차례상비용약만원작년과비슷,Economic
올풀리고색바래야멋스러워무신사올해그런지룩주목,Economic
한미사이언스통합반대가처분신청내달일첫심문,Economic
특정암세포만공격차세대항암제ADC개발경쟁치열,Economic
현대카드가수장범준과암표없는공연만든다,Economic
새마을금고여신최대폭감소외환위기이후처음,Economic
고용장관중처법확대만일자리피해재해청신설은거부,Economic
기후동행카드일시작아이폰안되고카드결제불가,social
IOC강원동계청소년올림픽에콘돔배포학부모단체반발,social
제주가얼어붙었다최강한파에하늘길바닷길출근길모두꽁꽁,social
엉덩이움켜쥐고주물렀다헬스장트레이너성추행신고했지만무혐의왜,social
콘서트티켓팔아요명에만원먹튀대의최후,social
쌍방울김성태년만에보석석방성실히재판,social
단독경찰인사청탁의혹현직치안감구속영장청구,social
이선균수사정보유출관련인천경찰언론사압수수색,social
제주항공편서서히재개발묶인만명공항으로,social
세종시작년대중교통이용객급증시내버스,social
셀린송감독패스트라이브즈아카데미작품각본상후보,Culture
오늘도이어지는북극한파아침최저도오늘의날씨,Culture
충북세종일수영하도강추위지속오늘의날씨,Culture
오늘도강추위호남서부제주에눈아침뉴스타임날씨,Culture
정부넷플릭스버금가는만화웹툰플랫폼조성한다,Culture
연예인마음건강챙긴다하이브정신과의사상주사내의원열어,Culture
한달에한잔만마셔도숙면방해하는이음료,Culture
임윤찬조성진이만든플레이리스트애플뮤직클래시컬서듣는다,Culture
중국신장자치구서규모지진인도카자흐스탄서도진동,World
뉴햄프셔공화경선개표초반트럼프헤일리에한자릿수우세,World
바이든목소리모방한전화공화당경선에투표하지마미국의선택,World
백악관동향긴밀주시북러관계심화우려,World
군마현강제동원조선인추도비일부터철거통보,World
하마스측보건부이스라엘탱크로나세르병원공격,World
이스라엘군칸유니스포위작전서하루명전사발표,World
러우크라이나키이우대공습명사망,World
백악관인질석방위한이스라엘하마스긴휴전지지,World
튀르키예의회스웨덴나토가입비준안가결,World
세비야FCAI활용해선수발굴IBM왓슨x도입,IT
SKT갤럭시S예약전작상회T팩토리방문증가,IT
AI악용한위협올해핵심보안이슈,IT
월만건고객목소리LGU전직원이확인업무에적용,IT
신발추천해줘네이버생성형AI활용광고시작했다,IT
없던일로당국고강도게임BM규제삭제조치,IT
과기정통부전국민AI일상화선언매주곳이상방문,IT
KT경로당어르신위한지니TV버스정보알리미출시,IT
